{
  "model": "vit",
  "app": "621.wrf-s2.txt.xz",
  "validation": [
    {
      "method": "micro precision f1",
      "threshold": 0.348143607378006,
      "p": 0.7234605213449188,
      "r": 0.4284435826683571,
      "f1": 0.5381733021077284
    },
    {
      "method": "fixed threshold 0.5",
      "threshold": 0.5,
      "p": 0.8952409674889921,
      "r": 0.3459010739055858,
      "f1": 0.4989997949159322
    }
  ]
}