{
  "model": "vitt",
  "app": "621.wrf-s2.txt.xz",
  "validation": [
    {
      "method": "micro precision f1",
      "threshold": 0.17806099355220795,
      "p": 0.6185993423257832,
      "r": 0.6580561563129241,
      "f1": 0.6377180154594063
    },
    {
      "method": "fixed threshold 0.5",
      "threshold": 0.5,
      "p": 0.7747247590513663,
      "r": 0.5001817808934298,
      "f1": 0.6078927318096975
    }
  ]
}