{
  "model": "vit",
  "app": "621.wrf-s2.txt.xz",
  "validation": [
    {
      "method": "micro precision f1",
      "threshold": 0.16266706585884094,
      "p": 0.6520144017599114,
      "r": 0.6672477440525021,
      "f1": 0.659543124230449
    },
    {
      "method": "fixed threshold 0.5",
      "threshold": 0.5,
      "p": 0.8838710043588812,
      "r": 0.36293487582966666,
      "f1": 0.5145750726936293
    }
  ]
}