{
  "model": "vit_large",
  "app": "621.wrf-s2.txt.xz",
  "validation": [
    {
      "method": "micro precision f1",
      "threshold": 0.3268575072288513,
      "p": 0.6982611213767617,
      "r": 0.47203836975165936,
      "f1": 0.5632849435452473
    },
    {
      "method": "fixed threshold 0.5",
      "threshold": 0.5,
      "p": 0.8770125320917279,
      "r": 0.37576674248638975,
      "f1": 0.5261136562381716
    }
  ]
}