{
  "model": "vit_min",
  "app": "621.wrf-s2.txt.xz",
  "validation": [
    {
      "method": "micro precision f1",
      "threshold": 0.32826974987983704,
      "p": 0.710859229367534,
      "r": 0.4745809717354016,
      "f1": 0.5691729764629924
    },
    {
      "method": "fixed threshold 0.5",
      "threshold": 0.5,
      "p": 0.8883174860219054,
      "r": 0.3784118875382206,
      "f1": 0.5307367203051608
    }
  ]
}