{
  "model": "vit",
  "app": "433.milc-s0.txt.xz",
  "validation": [
    {
      "method": "micro precision f1",
      "threshold": 0.33594757318496704,
      "p": 0.7213171409970985,
      "r": 0.8345646867371848,
      "f1": 0.7738194547731599
    },
    {
      "method": "fixed threshold 0.5",
      "threshold": 0.5,
      "p": 0.8204301814311269,
      "r": 0.6845100546321051,
      "f1": 0.7463322394546603
    }
  ]
}