{
  "model": {
    "name": "ViT",
    "layer": 4,
    "dim": 32,
    "f1": [
      0.6494858848247294,
      0.7771041109690419,
      0.7075868365848615
    ],
    "num_param": 19712
  },
  "estimator": {
    "method": "PQ_KMEANS",
    "N_SUBSPACE": [
      2,
      2,
      2,
      2,
      2,
      2,
      2,
      2,
      2,
      2,
      2,
      2,
      2,
      2
    ],
    "K_CLUSTER": [
      128,
      128,
      128,
      128,
      128,
      128,
      128,
      128,
      128,
      128,
      128,
      128,
      128,
      128
    ],
    "cossim_layer_train": [
      0.9954763650894165,
      0.9973763227462769,
      0.996517539024353,
      0.7735974788665771
    ],
    "cossim_layer_test": [
      0.9941223859786987,
      0.9971451163291931,
      0.9963867664337158,
      0.7693517804145813
    ],
    "cossim_amm_train": [
      0.9919555187225342,
      0.9974570870399475,
      0.9952235817909241,
      0.9919753074645996,
      0.9948382377624512,
      0.9685657620429993,
      0.9916895031929016,
      0.9032127857208252
    ],
    "cossim_amm_test": [
      0.9896330237388611,
      0.9976732730865479,
      0.995641827583313,
      0.9929438233375549,
      0.9949477910995483,
      0.9678125381469727,
      0.9918568730354309,
      0.9008933305740356
    ],
    "f1": [
      0.37072755199776136,
      0.5584904490681545,
      0.445638798989388
    ],
    "lut_num": 8,
    "lut_shapes": [
      [
        32,
        2,
        128
      ],
      [
        192,
        2,
        128
      ],
      [
        128,
        128,
        2
      ],
      [
        128,
        128,
        2
      ],
      [
        32,
        2,
        128
      ],
      [
        32,
        2,
        128
      ],
      [
        32,
        2,
        128
      ],
      [
        256,
        2,
        128
      ]
    ],
    "lut_total_size": 212992
  }
}