{
  "model": "vitt",
  "app": "433.milc-s0.txt.xz",
  "validation": [
    {
      "method": "micro precision f1",
      "threshold": 0.3921442925930023,
      "p": 0.7826912402866081,
      "r": 0.9616102909837654,
      "f1": 0.8629745922131931
    },
    {
      "method": "fixed threshold 0.5",
      "threshold": 0.5,
      "p": 0.8857115290541101,
      "r": 0.8109698167305979,
      "f1": 0.8466944228245585
    }
  ]
}