{
  "model": {
    "name": "ViT",
    "layer": 4,
    "dim": 32,
    "f1": [
      0.6494858848247294,
      0.7771041109690419,
      0.7075868365848615
    ],
    "num_param": 19712
  },
  "estimator": {
    "method": "PQ_KMEANS",
    "N_SUBSPACE": [
      2,
      2,
      2,
      2,
      2,
      2,
      2,
      2,
      2,
      2,
      2,
      2,
      2,
      2
    ],
    "K_CLUSTER": [
      1024,
      1024,
      1024,
      1024,
      1024,
      1024,
      1024,
      1024,
      1024,
      1024,
      1024,
      1024,
      1024,
      1024
    ],
    "cossim_layer_train": [
      0.9989238977432251,
      0.9990423321723938,
      0.9985196590423584,
      0.8686084747314453
    ],
    "cossim_layer_test": [
      0.9974369406700134,
      0.9988295435905457,
      0.9982988834381104,
      0.8717929720878601
    ],
    "cossim_amm_train": [
      0.9980906248092651,
      0.9990271329879761,
      0.9978659749031067,
      0.9971277117729187,
      0.9979020357131958,
      0.9892740845680237,
      0.99603271484375,
      0.9536267518997192
    ],
    "cossim_amm_test": [
      0.995484471321106,
      0.9987649321556091,
      0.9977666139602661,
      0.9971380233764648,
      0.9979224801063538,
      0.9890916347503662,
      0.9958789944648743,
      0.9537338614463806
    ],
    "f1": [
      0.4676337016200095,
      0.6843132240691232,
      0.5555949131033581
    ],
    "lut_num": 8,
    "lut_shapes": [
      [
        32,
        2,
        1024
      ],
      [
        192,
        2,
        1024
      ],
      [
        1024,
        1024,
        2
      ],
      [
        1024,
        1024,
        2
      ],
      [
        32,
        2,
        1024
      ],
      [
        32,
        2,
        1024
      ],
      [
        32,
        2,
        1024
      ],
      [
        256,
        2,
        1024
      ]
    ],
    "lut_total_size": 5373952
  }
}