{
  "model": {
    "name": "ViT",
    "layer": 4,
    "dim": 32,
    "f1": [
      0.7386025342866525,
      0.8471060482777326,
      0.7891420667669624
    ],
    "num_param": 19712
  },
  "estimator": {
    "method": "PQ_KMEANS",
    "N_SUBSPACE": [
      2,
      2,
      2,
      2,
      2,
      2,
      2,
      2,
      2,
      2,
      2,
      2,
      2,
      2
    ],
    "K_CLUSTER": [
      32,
      32,
      32,
      32,
      32,
      32,
      32,
      32,
      32,
      32,
      32,
      32,
      32,
      32
    ],
    "cossim_layer_train": [
      0.9902910590171814,
      0.9932231903076172,
      0.9932984709739685,
      0.6132513284683228
    ],
    "cossim_layer_test": [
      0.9897655844688416,
      0.9931018948554993,
      0.9931914806365967,
      0.6130335927009583
    ],
    "cossim_amm_train": [
      0.9824998378753662,
      0.9965243935585022,
      0.9767887592315674,
      0.963599681854248,
      0.9913296699523926,
      0.9214041233062744,
      0.9792671203613281,
      0.8949563503265381
    ],
    "cossim_amm_test": [
      0.9815345406532288,
      0.9971693158149719,
      0.9774357676506042,
      0.9646643400192261,
      0.9913536906242371,
      0.9204085469245911,
      0.979308545589447,
      0.8941923975944519
    ],
    "f1": [
      0.3976484731201712,
      0.37834243868417994,
      0.38775529653949886
    ],
    "lut_num": 8,
    "lut_shapes": [
      [
        32,
        2,
        32
      ],
      [
        192,
        2,
        32
      ],
      [
        32,
        32,
        2
      ],
      [
        32,
        32,
        2
      ],
      [
        32,
        2,
        32
      ],
      [
        32,
        2,
        32
      ],
      [
        32,
        2,
        32
      ],
      [
        256,
        2,
        32
      ]
    ],
    "lut_total_size": 40960
  }
}