{
  "model": "vit",
  "app": "433.milc-s0.txt.xz",
  "validation": [
    {
      "method": "micro precision f1",
      "threshold": 0.3365262448787689,
      "p": 0.6628878139603769,
      "r": 0.7769274284164439,
      "f1": 0.715391405050908
    },
    {
      "method": "fixed threshold 0.5",
      "threshold": 0.5,
      "p": 0.7778493010730463,
      "r": 0.6124096245495757,
      "f1": 0.6852858696274252
    }
  ]
}