{
  "model": {
    "name": "ViT",
    "layer": 4,
    "dim": 32,
    "f1": [
      0.6494858848247294,
      0.7771041109690419,
      0.7075868365848615
    ],
    "num_param": 19712
  },
  "estimator": {
    "method": "PQ_KMEANS",
    "N_SUBSPACE": [
      2,
      2,
      2,
      2,
      2,
      2,
      2,
      2,
      2,
      2,
      2,
      2,
      2,
      2
    ],
    "K_CLUSTER": [
      64,
      64,
      64,
      64,
      64,
      64,
      64,
      64,
      64,
      64,
      64,
      64,
      64,
      64
    ],
    "cossim_layer_train": [
      0.9935547113418579,
      0.9956998229026794,
      0.9947658777236938,
      0.7272783517837524
    ],
    "cossim_layer_test": [
      0.9928322434425354,
      0.995557427406311,
      0.9946909546852112,
      0.7296430468559265
    ],
    "cossim_amm_train": [
      0.9885321259498596,
      0.9968128800392151,
      0.9935378432273865,
      0.9831244945526123,
      0.9911244511604309,
      0.9351315498352051,
      0.987337052822113,
      0.8820642232894897
    ],
    "cossim_amm_test": [
      0.987364649772644,
      0.9971989393234253,
      0.9939655661582947,
      0.9846240282058716,
      0.9911443591117859,
      0.933971107006073,
      0.9875293374061584,
      0.882313072681427
    ],
    "f1": [
      0.32214314332935057,
      0.5582626215661204,
      0.4085399775544311
    ],
    "lut_num": 8,
    "lut_shapes": [
      [
        32,
        2,
        64
      ],
      [
        192,
        2,
        64
      ],
      [
        64,
        64,
        2
      ],
      [
        64,
        64,
        2
      ],
      [
        32,
        2,
        64
      ],
      [
        32,
        2,
        64
      ],
      [
        32,
        2,
        64
      ],
      [
        256,
        2,
        64
      ]
    ],
    "lut_total_size": 90112
  }
}