{
  "model": "vit_large",
  "app": "433.milc-s0.txt.xz",
  "validation": [
    {
      "method": "micro precision f1",
      "threshold": 0.35302218794822693,
      "p": 0.7479306863614089,
      "r": 0.8657507071176721,
      "f1": 0.8025394891569589
    },
    {
      "method": "fixed threshold 0.5",
      "threshold": 0.5,
      "p": 0.8254226589555931,
      "r": 0.7498748498585764,
      "f1": 0.7858372008981684
    }
  ]
}