{
  "model": "vit",
  "app": "433.milc-s0.txt.xz",
  "validation": [
    {
      "method": "micro precision f1",
      "threshold": 0.3548758327960968,
      "p": 0.6496155794946358,
      "r": 0.7769320779573017,
      "f1": 0.7075924584975997
    },
    {
      "method": "fixed threshold 0.5",
      "threshold": 0.5,
      "p": 0.777434778004936,
      "r": 0.5917191677321865,
      "f1": 0.6719814981206829
    }
  ]
}