{
  "model": "vit_large",
  "app": "433.milc-s0.txt.xz",
  "validation": [
    {
      "method": "micro precision f1",
      "threshold": 0.3471274673938751,
      "p": 0.7567602003437596,
      "r": 0.9205222984230307,
      "f1": 0.830646762829388
    },
    {
      "method": "fixed threshold 0.5",
      "threshold": 0.5,
      "p": 0.8343028454557574,
      "r": 0.7953318609787283,
      "f1": 0.8143513783502643
    }
  ]
}