{
  "model": "vit",
  "app": "433.milc-s0.txt.xz",
  "validation": [
    {
      "method": "micro precision f1",
      "threshold": 0.3647867441177368,
      "p": 0.6732072926031523,
      "r": 0.785694912627378,
      "f1": 0.725114463526864
    },
    {
      "method": "fixed threshold 0.5",
      "threshold": 0.5,
      "p": 0.7777909262687763,
      "r": 0.6315750319655934,
      "f1": 0.6970983317011002
    }
  ]
}