{
  "model": "vit",
  "app": "433.milc-s0.txt.xz",
  "validation": [
    {
      "method": "micro precision f1",
      "threshold": 0.3449948728084564,
      "p": 0.7389327311912914,
      "r": 0.8464861094966872,
      "f1": 0.7890612584551463
    },
    {
      "method": "fixed threshold 0.5",
      "threshold": 0.5,
      "p": 0.8367034369587018,
      "r": 0.7112092680847766,
      "f1": 0.7688692483297379
    }
  ]
}