{
  "model": {
    "name": "ViT",
    "layer": 4,
    "dim": 32,
    "f1": [
      0.6494858848247294,
      0.7771041109690419,
      0.7075868365848615
    ],
    "num_param": 19712
  },
  "estimator": {
    "method": "PQ_KMEANS",
    "N_SUBSPACE": [
      2,
      2,
      2,
      2,
      2,
      2,
      2,
      2,
      2,
      2,
      2,
      2,
      2,
      2
    ],
    "K_CLUSTER": [
      512,
      512,
      512,
      512,
      512,
      512,
      512,
      512,
      512,
      512,
      512,
      512,
      512,
      512
    ],
    "cossim_layer_train": [
      0.9982388615608215,
      0.9987006187438965,
      0.998073399066925,
      0.8375823497772217
    ],
    "cossim_layer_test": [
      0.9967085123062134,
      0.9984531998634338,
      0.9978481531143188,
      0.835086464881897
    ],
    "cossim_amm_train": [
      0.9968646168708801,
      0.9986317753791809,
      0.9971203207969666,
      0.9960930347442627,
      0.9972721934318542,
      0.9851861000061035,
      0.994856595993042,
      0.9427594542503357
    ],
    "cossim_amm_test": [
      0.9942018985748291,
      0.9984524846076965,
      0.9970795512199402,
      0.9962807297706604,
      0.9972729086875916,
      0.9850061535835266,
      0.9947063326835632,
      0.9410176873207092
    ],
    "f1": [
      0.4344913779635725,
      0.6250083304273703,
      0.5126206804502437
    ],
    "lut_num": 8,
    "lut_shapes": [
      [
        32,
        2,
        512
      ],
      [
        192,
        2,
        512
      ],
      [
        512,
        512,
        2
      ],
      [
        512,
        512,
        2
      ],
      [
        32,
        2,
        512
      ],
      [
        32,
        2,
        512
      ],
      [
        32,
        2,
        512
      ],
      [
        256,
        2,
        512
      ]
    ],
    "lut_total_size": 1638400
  }
}