{
  "model": {
    "name": "ViT",
    "layer": 4,
    "dim": 32,
    "f1": [
      0.7386025342866525,
      0.8471060482777326,
      0.7891420667669624
    ],
    "num_param": 19712
  },
  "estimator": {
    "method": "PQ_KMEANS",
    "N_SUBSPACE": [
      2,
      2,
      2,
      2,
      2,
      2,
      2,
      2,
      2,
      2,
      2,
      2,
      2,
      2
    ],
    "K_CLUSTER": [
      16,
      16,
      16,
      16,
      16,
      16,
      16,
      16,
      16,
      16,
      16,
      16,
      16,
      16
    ],
    "cossim_layer_train": [
      0.9875732660293579,
      0.9874938130378723,
      0.983875036239624,
      0.5776095390319824
    ],
    "cossim_layer_test": [
      0.9863836765289307,
      0.9870771765708923,
      0.9834534525871277,
      0.578865647315979
    ],
    "cossim_amm_train": [
      0.9775798320770264,
      0.9937397241592407,
      0.9332008957862854,
      0.9316028952598572,
      0.9813161492347717,
      0.8836132287979126,
      0.9485527873039246,
      0.8937797546386719
    ],
    "cossim_amm_test": [
      0.975557804107666,
      0.9944851398468018,
      0.9335542917251587,
      0.9323338866233826,
      0.9813670516014099,
      0.8837419748306274,
      0.9485553503036499,
      0.8932503461837769
    ],
    "f1": [
      0.4735574320666883,
      0.27117672129877174,
      0.34486870568293243
    ],
    "lut_num": 8,
    "lut_shapes": [
      [
        32,
        2,
        16
      ],
      [
        192,
        2,
        16
      ],
      [
        16,
        16,
        2
      ],
      [
        16,
        16,
        2
      ],
      [
        32,
        2,
        16
      ],
      [
        32,
        2,
        16
      ],
      [
        32,
        2,
        16
      ],
      [
        256,
        2,
        16
      ]
    ],
    "lut_total_size": 19456
  }
}