{
  "model": {
    "name": "ViT",
    "layer": 4,
    "dim": 32,
    "f1": [
      0.6494858848247294,
      0.7771041109690419,
      0.7075868365848615
    ],
    "num_param": 19712
  },
  "estimator": {
    "method": "PQ_KMEANS",
    "N_SUBSPACE": [
      2,
      2,
      2,
      2,
      2,
      2,
      2,
      2,
      2,
      2,
      2,
      2,
      2,
      2
    ],
    "K_CLUSTER": [
      32,
      32,
      32,
      32,
      32,
      32,
      32,
      32,
      32,
      32,
      32,
      32,
      32,
      32
    ],
    "cossim_layer_train": [
      0.9908063411712646,
      0.9923540353775024,
      0.9916070103645325,
      0.7314536571502686
    ],
    "cossim_layer_test": [
      0.9904956817626953,
      0.9922200441360474,
      0.991584300994873,
      0.7337198257446289
    ],
    "cossim_amm_train": [
      0.9836227893829346,
      0.9958662986755371,
      0.9853373169898987,
      0.9648828506469727,
      0.9854074716567993,
      0.9310585856437683,
      0.9819021821022034,
      0.884823203086853
    ],
    "cossim_amm_test": [
      0.9832166433334351,
      0.9965816140174866,
      0.9857707619667053,
      0.9663742184638977,
      0.9852882027626038,
      0.9310212731361389,
      0.9828363656997681,
      0.8857997059822083
    ],
    "f1": [
      0.31480518759712867,
      0.5274392653725445,
      0.39428129516615357
    ],
    "lut_num": 8,
    "lut_shapes": [
      [
        32,
        2,
        32
      ],
      [
        192,
        2,
        32
      ],
      [
        32,
        32,
        2
      ],
      [
        32,
        32,
        2
      ],
      [
        32,
        2,
        32
      ],
      [
        32,
        2,
        32
      ],
      [
        32,
        2,
        32
      ],
      [
        256,
        2,
        32
      ]
    ],
    "lut_total_size": 40960
  }
}