{
  "model": {
    "name": "ViT",
    "layer": 4,
    "dim": 32,
    "f1": [
      0.905294645388917,
      0.9424474636146969,
      0.9234975359530355
    ],
    "num_param": 19712
  },
  "estimator": {
    "method": "PQ_KMEANS",
    "N_SUBSPACE": [
      2,
      2,
      2,
      2,
      2,
      2,
      2,
      2,
      2,
      2,
      2,
      2,
      2,
      2
    ],
    "K_CLUSTER": [
      64,
      64,
      64,
      64,
      64,
      64,
      64,
      64,
      64,
      64,
      64,
      64,
      64,
      64
    ],
    "cossim_layer_train": [
      0.9933987855911255,
      0.9445173144340515,
      0.9323399662971497,
      0.6241679787635803
    ],
    "cossim_layer_test": [
      0.9873737096786499,
      0.9443953037261963,
      0.9326886534690857,
      0.6083906888961792
    ],
    "cossim_amm_train": [
      0.9886037111282349,
      0.9963564276695251,
      0.9795109033584595,
      0.9090064167976379,
      0.9340139031410217,
      0.8635061383247375,
      0.8880915641784668,
      0.8724772930145264
    ],
    "cossim_amm_test": [
      0.9786274433135986,
      0.9959186315536499,
      0.9795035123825073,
      0.9081918597221375,
      0.933891236782074,
      0.8638054132461548,
      0.8892878890037537,
      0.8743926882743835
    ],
    "f1": [
      0.792078790281857,
      0.31804928802158317,
      0.4538577128706444
    ],
    "lut_num": 8,
    "lut_shapes": [
      [
        32,
        2,
        64
      ],
      [
        192,
        2,
        64
      ],
      [
        64,
        64,
        2
      ],
      [
        64,
        64,
        2
      ],
      [
        32,
        2,
        64
      ],
      [
        32,
        2,
        64
      ],
      [
        32,
        2,
        64
      ],
      [
        256,
        2,
        64
      ]
    ],
    "lut_total_size": 90112
  }
}