{
  "model": {
    "name": "ViT",
    "layer": 4,
    "dim": 32,
    "f1": [
      0.905294645388917,
      0.9424474636146969,
      0.9234975359530355
    ],
    "num_param": 19712
  },
  "estimator": {
    "method": "PQ_KMEANS",
    "N_SUBSPACE": [
      1,
      1,
      1,
      1,
      1,
      1,
      1,
      1,
      1,
      1,
      1,
      1,
      1,
      1
    ],
    "K_CLUSTER": [
      128,
      128,
      128,
      128,
      128,
      128,
      128,
      128,
      128,
      128,
      128,
      128,
      128,
      128
    ],
    "cossim_layer_train": [
      0.9925956130027771,
      0.9724940061569214,
      0.9571031928062439,
      0.795684814453125
    ],
    "cossim_layer_test": [
      0.9810813069343567,
      0.9725924730300903,
      0.9569240212440491,
      0.7977639436721802
    ],
    "cossim_amm_train": [
      0.9872211813926697,
      0.9962819218635559,
      0.9811416268348694,
      0.9417380094528198,
      0.9673093557357788,
      0.9154647588729858,
      0.9228003621101379,
      0.8962015509605408
    ],
    "cossim_amm_test": [
      0.9677987098693848,
      0.9953423738479614,
      0.9794881343841553,
      0.9428428411483765,
      0.9684382677078247,
      0.9166301488876343,
      0.9230371117591858,
      0.8990252017974854
    ],
    "f1": [
      0.702160888153253,
      0.712773025878026,
      0.7074271609990295
    ],
    "lut_num": 8,
    "lut_shapes": [
      [
        32,
        1,
        128
      ],
      [
        192,
        1,
        128
      ],
      [
        128,
        128,
        1
      ],
      [
        128,
        128,
        1
      ],
      [
        32,
        1,
        128
      ],
      [
        32,
        1,
        128
      ],
      [
        32,
        1,
        128
      ],
      [
        256,
        1,
        128
      ]
    ],
    "lut_total_size": 106496
  }
}