{
  "model": {
    "name": "ViT",
    "layer": 4,
    "dim": 32,
    "f1": [
      0.9308168981496487,
      0.9033296635493666,
      0.9168673136488084
    ],
    "num_param": 19712
  },
  "estimator": {
    "method": "PQ_KMEANS",
    "N_SUBSPACE": [
      2,
      2,
      2,
      2,
      2,
      2,
      2,
      2,
      2,
      2,
      2,
      2,
      2,
      2
    ],
    "K_CLUSTER": [
      128,
      128,
      128,
      128,
      128,
      128,
      128,
      128,
      128,
      128,
      128,
      128,
      128,
      128
    ],
    "cossim_layer_train": [
      0.9955856800079346,
      0.9828299283981323,
      0.9693974256515503,
      0.8200661540031433
    ],
    "cossim_layer_test": [
      0.9897048473358154,
      0.9801408648490906,
      0.9668622612953186,
      0.796730637550354
    ],
    "cossim_amm_train": [
      0.99239182472229,
      0.9973435997962952,
      0.988432765007019,
      0.9632742404937744,
      0.9795437455177307,
      0.9418355822563171,
      0.9440054893493652,
      0.9137673377990723
    ],
    "cossim_amm_test": [
      0.9826138615608215,
      0.9967784285545349,
      0.9878515601158142,
      0.9586125016212463,
      0.9766521453857422,
      0.9356420040130615,
      0.9405935406684875,
      0.906679630279541
    ],
    "f1": [
      0.7381776233787527,
      0.6732192070846994,
      0.7042035855153924
    ],
    "lut_num": 8,
    "lut_shapes": [
      [
        32,
        2,
        128
      ],
      [
        192,
        2,
        128
      ],
      [
        128,
        128,
        2
      ],
      [
        128,
        128,
        2
      ],
      [
        32,
        2,
        128
      ],
      [
        32,
        2,
        128
      ],
      [
        32,
        2,
        128
      ],
      [
        256,
        2,
        128
      ]
    ],
    "lut_total_size": 212992
  }
}