{
  "model": "vit_large",
  "app": "410.bwaves-s0.txt.xz",
  "validation": [
    {
      "method": "micro precision f1",
      "threshold": 0.459686815738678,
      "p": 0.9340722874369766,
      "r": 0.9374204241625028,
      "f1": 0.9357433608589998
    },
    {
      "method": "fixed threshold 0.5",
      "threshold": 0.5,
      "p": 0.9402454020726427,
      "r": 0.9305946259844902,
      "f1": 0.9353951221410435
    }
  ]
}