{
  "model": {
    "name": "ViT",
    "layer": 4,
    "dim": 32,
    "f1": [
      0.905294645388917,
      0.9424474636146969,
      0.9234975359530355
    ],
    "num_param": 19712
  },
  "estimator": {
    "method": "PQ_KMEANS",
    "N_SUBSPACE": [
      2,
      2,
      2,
      2,
      2,
      2,
      2,
      2,
      2,
      2,
      2,
      2,
      2,
      2
    ],
    "K_CLUSTER": [
      128,
      128,
      128,
      128,
      128,
      128,
      128,
      128,
      128,
      128,
      128,
      128,
      128,
      128
    ],
    "cossim_layer_train": [
      0.9956901669502258,
      0.9795067310333252,
      0.9688870906829834,
      0.7888583540916443
    ],
    "cossim_layer_test": [
      0.9895781874656677,
      0.9798465967178345,
      0.9682247638702393,
      0.7867152094841003
    ],
    "cossim_amm_train": [
      0.9925752282142639,
      0.997297465801239,
      0.988219141960144,
      0.9575676321983337,
      0.9754432439804077,
      0.9272980690002441,
      0.939039409160614,
      0.8977654576301575
    ],
    "cossim_amm_test": [
      0.9824027419090271,
      0.9967656135559082,
      0.987939715385437,
      0.9585319757461548,
      0.9762852191925049,
      0.9243099093437195,
      0.9374080896377563,
      0.899186372756958
    ],
    "f1": [
      0.7425148805416794,
      0.624929528049651,
      0.6786666733235074
    ],
    "lut_num": 8,
    "lut_shapes": [
      [
        32,
        2,
        128
      ],
      [
        192,
        2,
        128
      ],
      [
        128,
        128,
        2
      ],
      [
        128,
        128,
        2
      ],
      [
        32,
        2,
        128
      ],
      [
        32,
        2,
        128
      ],
      [
        32,
        2,
        128
      ],
      [
        256,
        2,
        128
      ]
    ],
    "lut_total_size": 212992
  }
}