{
  "model": {
    "name": "ViT",
    "layer": 4,
    "dim": 32,
    "f1": [
      0.905294645388917,
      0.9424474636146969,
      0.9234975359530355
    ],
    "num_param": 19712
  },
  "estimator": {
    "method": "PQ_KMEANS",
    "N_SUBSPACE": [
      2,
      2,
      2,
      2,
      2,
      2,
      2,
      2,
      2,
      2,
      2,
      2,
      2,
      2
    ],
    "K_CLUSTER": [
      16,
      16,
      16,
      16,
      16,
      16,
      16,
      16,
      16,
      16,
      16,
      16,
      16,
      16
    ],
    "cossim_layer_train": [
      0.9860464334487915,
      0.8941234946250916,
      0.8731763362884521,
      0.709169328212738
    ],
    "cossim_layer_test": [
      0.9790772795677185,
      0.8954262137413025,
      0.8733767867088318,
      0.7091266512870789
    ],
    "cossim_amm_train": [
      0.9758272767066956,
      0.9814009666442871,
      0.9071803092956543,
      0.7556322813034058,
      0.8728495836257935,
      0.7973108887672424,
      0.8393756151199341,
      0.9072970747947693
    ],
    "cossim_amm_test": [
      0.9643957614898682,
      0.9815443158149719,
      0.9081671833992004,
      0.7562965750694275,
      0.8741101622581482,
      0.7993921041488647,
      0.8405478596687317,
      0.9102687835693359
    ],
    "f1": [
      0.7596269012302935,
      0.5361859249670324,
      0.6286421069951377
    ],
    "lut_num": 8,
    "lut_shapes": [
      [
        32,
        2,
        16
      ],
      [
        192,
        2,
        16
      ],
      [
        16,
        16,
        2
      ],
      [
        16,
        16,
        2
      ],
      [
        32,
        2,
        16
      ],
      [
        32,
        2,
        16
      ],
      [
        32,
        2,
        16
      ],
      [
        256,
        2,
        16
      ]
    ],
    "lut_total_size": 19456
  }
}