{
  "model": {
    "name": "ViT",
    "layer": 4,
    "dim": 32,
    "f1": [
      0.905294645388917,
      0.9424474636146969,
      0.9234975359530355
    ],
    "num_param": 19712
  },
  "estimator": {
    "method": "PQ_KMEANS",
    "N_SUBSPACE": [
      2,
      2,
      2,
      2,
      2,
      2,
      2,
      2,
      2,
      2,
      2,
      2,
      2,
      2
    ],
    "K_CLUSTER": [
      1024,
      1024,
      1024,
      1024,
      1024,
      1024,
      1024,
      1024,
      1024,
      1024,
      1024,
      1024,
      1024,
      1024
    ],
    "cossim_layer_train": [
      0.9992527365684509,
      0.989993155002594,
      0.9852740168571472,
      0.7915007472038269
    ],
    "cossim_layer_test": [
      0.9930314421653748,
      0.9856093525886536,
      0.9803329706192017,
      0.7857449054718018
    ],
    "cossim_amm_train": [
      0.9987117648124695,
      0.999302089214325,
      0.9966883063316345,
      0.981377899646759,
      0.9878865480422974,
      0.9508296251296997,
      0.9665735363960266,
      0.9147127866744995
    ],
    "cossim_amm_test": [
      0.9882046580314636,
      0.9979735016822815,
      0.9934929013252258,
      0.9729451537132263,
      0.9829140305519104,
      0.9426567554473877,
      0.9607667922973633,
      0.9108313322067261
    ],
    "f1": [
      0.7760331795078484,
      0.584218154542265,
      0.6666013267500146
    ],
    "lut_num": 8,
    "lut_shapes": [
      [
        32,
        2,
        1024
      ],
      [
        192,
        2,
        1024
      ],
      [
        1024,
        1024,
        2
      ],
      [
        1024,
        1024,
        2
      ],
      [
        32,
        2,
        1024
      ],
      [
        32,
        2,
        1024
      ],
      [
        32,
        2,
        1024
      ],
      [
        256,
        2,
        1024
      ]
    ],
    "lut_total_size": 5373952
  }
}