{
  "model": {
    "name": "ViT",
    "layer": 4,
    "dim": 32,
    "f1": [
      0.905294645388917,
      0.9424474636146969,
      0.9234975359530355
    ],
    "num_param": 19712
  },
  "estimator": {
    "method": "PQ_KMEANS",
    "N_SUBSPACE": [
      2,
      2,
      2,
      2,
      2,
      2,
      2,
      2,
      2,
      2,
      2,
      2,
      2,
      2
    ],
    "K_CLUSTER": [
      32,
      32,
      32,
      32,
      32,
      32,
      32,
      32,
      32,
      32,
      32,
      32,
      32,
      32
    ],
    "cossim_layer_train": [
      0.9901862740516663,
      0.9586554169654846,
      0.9405801892280579,
      0.6776999235153198
    ],
    "cossim_layer_test": [
      0.9840981960296631,
      0.9593378901481628,
      0.9409223198890686,
      0.6914053559303284
    ],
    "cossim_amm_train": [
      0.9830537438392639,
      0.9939692616462708,
      0.9479004740715027,
      0.8876906037330627,
      0.950520932674408,
      0.8848085999488831,
      0.8870238661766052,
      0.8886950612068176
    ],
    "cossim_amm_test": [
      0.9730662107467651,
      0.9938348531723022,
      0.9482291340827942,
      0.8874813318252563,
      0.9513506889343262,
      0.8862922191619873,
      0.8882431983947754,
      0.8930703401565552
    ],
    "f1": [
      0.8029651863884272,
      0.4308281210302818,
      0.5607746134208124
    ],
    "lut_num": 8,
    "lut_shapes": [
      [
        32,
        2,
        32
      ],
      [
        192,
        2,
        32
      ],
      [
        32,
        32,
        2
      ],
      [
        32,
        32,
        2
      ],
      [
        32,
        2,
        32
      ],
      [
        32,
        2,
        32
      ],
      [
        32,
        2,
        32
      ],
      [
        256,
        2,
        32
      ]
    ],
    "lut_total_size": 40960
  }
}