{
  "model": {
    "name": "ViT",
    "layer": 4,
    "dim": 32,
    "f1": [
      0.9308168981496487,
      0.9033296635493666,
      0.9168673136488084
    ],
    "num_param": 19712
  },
  "estimator": {
    "method": "PQ_KMEANS",
    "N_SUBSPACE": [
      2,
      2,
      2,
      2,
      2,
      2,
      2,
      2,
      2,
      2,
      2,
      2,
      2,
      2
    ],
    "K_CLUSTER": [
      64,
      64,
      64,
      64,
      64,
      64,
      64,
      64,
      64,
      64,
      64,
      64,
      64,
      64
    ],
    "cossim_layer_train": [
      0.993220329284668,
      0.9720852971076965,
      0.9573283195495605,
      0.8123063445091248
    ],
    "cossim_layer_test": [
      0.9872809052467346,
      0.9719710946083069,
      0.9565849900245667,
      0.8062817454338074
    ],
    "cossim_amm_train": [
      0.9882894158363342,
      0.9965046644210815,
      0.9785274863243103,
      0.939734697341919,
      0.9666187167167664,
      0.9143499732017517,
      0.9276026487350464,
      0.9075234532356262
    ],
    "cossim_amm_test": [
      0.9785203337669373,
      0.9960188269615173,
      0.9782418012619019,
      0.9393632411956787,
      0.9668546915054321,
      0.9144976735115051,
      0.9268645644187927,
      0.9094558358192444
    ],
    "f1": [
      0.7110874179769207,
      0.7103761326929359,
      0.7107315973751223
    ],
    "lut_num": 8,
    "lut_shapes": [
      [
        32,
        2,
        64
      ],
      [
        192,
        2,
        64
      ],
      [
        64,
        64,
        2
      ],
      [
        64,
        64,
        2
      ],
      [
        32,
        2,
        64
      ],
      [
        32,
        2,
        64
      ],
      [
        32,
        2,
        64
      ],
      [
        256,
        2,
        64
      ]
    ],
    "lut_total_size": 90112
  }
}