{
  "model": {
    "name": "ViT",
    "layer": 4,
    "dim": 32,
    "f1": [
      0.9308168981496487,
      0.9033296635493666,
      0.9168673136488084
    ],
    "num_param": 19712
  },
  "estimator": {
    "method": "PQ_KMEANS",
    "N_SUBSPACE": [
      2,
      2,
      2,
      2,
      2,
      2,
      2,
      2,
      2,
      2,
      2,
      2,
      2,
      2
    ],
    "K_CLUSTER": [
      256,
      256,
      256,
      256,
      256,
      256,
      256,
      256,
      256,
      256,
      256,
      256,
      256,
      256
    ],
    "cossim_layer_train": [
      0.997625470161438,
      0.9828516840934753,
      0.973827600479126,
      0.7511816620826721
    ],
    "cossim_layer_test": [
      0.9908902645111084,
      0.9811595678329468,
      0.9712195992469788,
      0.741472065448761
    ],
    "cossim_amm_train": [
      0.9959003329277039,
      0.9982348680496216,
      0.9921481609344482,
      0.9666087627410889,
      0.979336678981781,
      0.9310075044631958,
      0.9466961622238159,
      0.8953882455825806
    ],
    "cossim_amm_test": [
      0.9846022725105286,
      0.9971889853477478,
      0.9903233647346497,
      0.963059663772583,
      0.9777358770370483,
      0.9272585511207581,
      0.942410945892334,
      0.8844902515411377
    ],
    "f1": [
      0.7661941876190625,
      0.49651741534292315,
      0.602558425526467
    ],
    "lut_num": 8,
    "lut_shapes": [
      [
        32,
        2,
        256
      ],
      [
        192,
        2,
        256
      ],
      [
        256,
        256,
        2
      ],
      [
        256,
        256,
        2
      ],
      [
        32,
        2,
        256
      ],
      [
        32,
        2,
        256
      ],
      [
        32,
        2,
        256
      ],
      [
        256,
        2,
        256
      ]
    ],
    "lut_total_size": 557056
  }
}