{
  "model": {
    "name": "ViT",
    "layer": 4,
    "dim": 32,
    "f1": [
      0.905294645388917,
      0.9424474636146969,
      0.9234975359530355
    ],
    "num_param": 19712
  },
  "estimator": {
    "method": "PQ_KMEANS",
    "N_SUBSPACE": [
      2,
      2,
      2,
      2,
      2,
      2,
      2,
      2,
      2,
      2,
      2,
      2,
      2,
      2
    ],
    "K_CLUSTER": [
      128,
      128,
      128,
      128,
      128,
      128,
      128,
      128,
      128,
      128,
      128,
      128,
      128,
      128
    ],
    "cossim_layer_train": [
      0.995673656463623,
      0.9865816235542297,
      0.9775331616401672,
      0.8819068074226379
    ],
    "cossim_layer_test": [
      0.989564061164856,
      0.9850167632102966,
      0.9759901762008667,
      0.8698346614837646
    ],
    "cossim_amm_train": [
      0.9925349354743958,
      0.9972943067550659,
      0.9878403544425964,
      0.9578825831413269,
      0.9841138124465942,
      0.9581055641174316,
      0.9626854658126831,
      0.9420220851898193
    ],
    "cossim_amm_test": [
      0.9823887944221497,
      0.9967252016067505,
      0.9876332879066467,
      0.9548302292823792,
      0.9826416969299316,
      0.9533702731132507,
      0.9613185524940491,
      0.9398837685585022
    ],
    "f1": [
      0.7614959967157244,
      0.8033807179065294,
      0.7818778243781366
    ],
    "lut_num": 8,
    "lut_shapes": [
      [
        32,
        2,
        128
      ],
      [
        192,
        2,
        128
      ],
      [
        128,
        128,
        2
      ],
      [
        128,
        128,
        2
      ],
      [
        32,
        2,
        128
      ],
      [
        32,
        2,
        128
      ],
      [
        32,
        2,
        128
      ],
      [
        256,
        2,
        128
      ]
    ],
    "lut_total_size": 212992
  }
}