{
  "model": {
    "name": "ViT",
    "layer": 4,
    "dim": 32,
    "f1": [
      0.9308168981496487,
      0.9033296635493666,
      0.9168673136488084
    ],
    "num_param": 19712
  },
  "estimator": {
    "method": "PQ_KMEANS",
    "N_SUBSPACE": [
      2,
      2,
      2,
      2,
      2,
      2,
      2,
      2,
      2,
      2,
      2,
      2,
      2,
      2
    ],
    "K_CLUSTER": [
      16,
      16,
      16,
      16,
      16,
      16,
      16,
      16,
      16,
      16,
      16,
      16,
      16,
      16
    ],
    "cossim_layer_train": [
      0.9858999848365784,
      0.9456430673599243,
      0.9006072282791138,
      0.8463773131370544
    ],
    "cossim_layer_test": [
      0.979813277721405,
      0.9452459216117859,
      0.8996361494064331,
      0.8446837663650513
    ],
    "cossim_amm_train": [
      0.9755651354789734,
      0.9907433986663818,
      0.9266285300254822,
      0.8501043915748596,
      0.9378244876861572,
      0.8736704587936401,
      0.8614969849586487,
      0.9276812672615051
    ],
    "cossim_amm_test": [
      0.9656746983528137,
      0.9907320737838745,
      0.9269077777862549,
      0.8492310047149658,
      0.9373829364776611,
      0.8739949464797974,
      0.8613929748535156,
      0.929536759853363
    ],
    "f1": [
      0.7408171595735376,
      0.7377465913352771,
      0.7392786870936416
    ],
    "lut_num": 8,
    "lut_shapes": [
      [
        32,
        2,
        16
      ],
      [
        192,
        2,
        16
      ],
      [
        16,
        16,
        2
      ],
      [
        16,
        16,
        2
      ],
      [
        32,
        2,
        16
      ],
      [
        32,
        2,
        16
      ],
      [
        32,
        2,
        16
      ],
      [
        256,
        2,
        16
      ]
    ],
    "lut_total_size": 19456
  }
}