{
  "model": "vitt",
  "app": "410.bwaves-s0.txt.xz",
  "validation": [
    {
      "method": "micro precision f1",
      "threshold": 0.5025890469551086,
      "p": 0.9672361927189826,
      "r": 0.9715513507627908,
      "f1": 0.9693889696188064
    },
    {
      "method": "fixed threshold 0.5",
      "threshold": 0.5,
      "p": 0.9670474465912813,
      "r": 0.9717342753789757,
      "f1": 0.9693851959935939
    }
  ]
}