{
  "model": {
    "name": "ViT",
    "layer": 4,
    "dim": 32,
    "f1": [
      0.905294645388917,
      0.9424474636146969,
      0.9234975359530355
    ],
    "num_param": 19712
  },
  "estimator": {
    "method": "PQ_KMEANS",
    "N_SUBSPACE": [
      2,
      2,
      2,
      2,
      2,
      2,
      2,
      2,
      2,
      2,
      2,
      2,
      2,
      2
    ],
    "K_CLUSTER": [
      128,
      128,
      128,
      128,
      128,
      128,
      128,
      128,
      128,
      128,
      128,
      128,
      128,
      128
    ],
    "cossim_layer_train": [
      0.9956852793693542,
      0.986589252948761,
      0.9776424765586853,
      0.8732445240020752
    ],
    "cossim_layer_test": [
      0.9897197484970093,
      0.9865613579750061,
      0.9768630862236023,
      0.877377986907959
    ],
    "cossim_amm_train": [
      0.9925621747970581,
      0.9973301887512207,
      0.9891220927238464,
      0.9605398774147034,
      0.9841394424438477,
      0.9582192897796631,
      0.9630135893821716,
      0.9426214694976807
    ],
    "cossim_amm_test": [
      0.9826381802558899,
      0.9968108534812927,
      0.9889395236968994,
      0.9620585441589355,
      0.9845662117004395,
      0.9565123915672302,
      0.962281346321106,
      0.9458732008934021
    ],
    "f1": [
      0.7721914546008363,
      0.8096925850200225,
      0.7904975072078957
    ],
    "lut_num": 8,
    "lut_shapes": [
      [
        32,
        2,
        128
      ],
      [
        192,
        2,
        128
      ],
      [
        128,
        128,
        2
      ],
      [
        128,
        128,
        2
      ],
      [
        32,
        2,
        128
      ],
      [
        32,
        2,
        128
      ],
      [
        32,
        2,
        128
      ],
      [
        256,
        2,
        128
      ]
    ],
    "lut_total_size": 212992
  }
}