{
  "model": {
    "name": "ViT",
    "layer": 4,
    "dim": 32,
    "f1": [
      0.905294645388917,
      0.9424474636146969,
      0.9234975359530355
    ],
    "num_param": 19712
  },
  "estimator": {
    "method": "PQ_KMEANS",
    "N_SUBSPACE": [
      2,
      2,
      2,
      2,
      2,
      2,
      2,
      2,
      2,
      2,
      2,
      2,
      2,
      2
    ],
    "K_CLUSTER": [
      256,
      256,
      256,
      256,
      256,
      256,
      256,
      256,
      256,
      256,
      256,
      256,
      256,
      256
    ],
    "cossim_layer_train": [
      0.9976305365562439,
      0.9843263626098633,
      0.9756028652191162,
      0.7753676176071167
    ],
    "cossim_layer_test": [
      0.9915119409561157,
      0.983345091342926,
      0.9738415479660034,
      0.7680558562278748
    ],
    "cossim_amm_train": [
      0.9959207773208618,
      0.9981951117515564,
      0.9919303059577942,
      0.9688361883163452,
      0.9811393618583679,
      0.9361565709114075,
      0.9496398568153381,
      0.9017704129219055
    ],
    "cossim_amm_test": [
      0.985664427280426,
      0.997366189956665,
      0.9910750985145569,
      0.9665284752845764,
      0.9802769422531128,
      0.9336107969284058,
      0.9475114941596985,
      0.8995645046234131
    ],
    "f1": [
      0.7458401498225375,
      0.5791398187691302,
      0.6520034105241366
    ],
    "lut_num": 8,
    "lut_shapes": [
      [
        32,
        2,
        256
      ],
      [
        192,
        2,
        256
      ],
      [
        256,
        256,
        2
      ],
      [
        256,
        256,
        2
      ],
      [
        32,
        2,
        256
      ],
      [
        32,
        2,
        256
      ],
      [
        32,
        2,
        256
      ],
      [
        256,
        2,
        256
      ]
    ],
    "lut_total_size": 557056
  }
}