{
  "model": {
    "name": "ViT",
    "layer": 4,
    "dim": 32,
    "f1": [
      0.905294645388917,
      0.9424474636146969,
      0.9234975359530355
    ],
    "num_param": 19712
  },
  "estimator": {
    "method": "PQ_KMEANS",
    "N_SUBSPACE": [
      4,
      4,
      4,
      4,
      4,
      4,
      4,
      4,
      4,
      4,
      4,
      4,
      4,
      4
    ],
    "K_CLUSTER": [
      128,
      128,
      128,
      128,
      128,
      128,
      128,
      128,
      128,
      128,
      128,
      128,
      128,
      128
    ],
    "cossim_layer_train": [
      0.9996177554130554,
      0.9866701364517212,
      0.9772117137908936,
      0.7749413251876831
    ],
    "cossim_layer_test": [
      0.9972381591796875,
      0.9869006872177124,
      0.9773560166358948,
      0.7756170034408569
    ],
    "cossim_amm_train": [
      0.9993399381637573,
      0.9982837438583374,
      0.9936951398849487,
      0.9717928171157837,
      0.9838114976882935,
      0.9405328035354614,
      0.9531101584434509,
      0.9000903964042664
    ],
    "cossim_amm_test": [
      0.9953330755233765,
      0.9979739785194397,
      0.9939953088760376,
      0.9719135761260986,
      0.9841777682304382,
      0.942205548286438,
      0.9534547924995422,
      0.9013790488243103
    ],
    "f1": [
      0.7649969985150549,
      0.5858649600154857,
      0.6635540117430238
    ],
    "lut_num": 8,
    "lut_shapes": [
      [
        32,
        4,
        128
      ],
      [
        192,
        4,
        128
      ],
      [
        128,
        128,
        4
      ],
      [
        128,
        128,
        4
      ],
      [
        32,
        4,
        128
      ],
      [
        32,
        4,
        128
      ],
      [
        32,
        4,
        128
      ],
      [
        256,
        4,
        128
      ]
    ],
    "lut_total_size": 425984
  }
}