{
  "model": {
    "name": "ViT",
    "layer": 4,
    "dim": 32,
    "f1": [
      0.905294645388917,
      0.9424474636146969,
      0.9234975359530355
    ],
    "num_param": 19712
  },
  "estimator": {
    "method": "PQ_KMEANS",
    "N_SUBSPACE": [
      2,
      2,
      2,
      2,
      2,
      2,
      2,
      2,
      2,
      2,
      2,
      2,
      2,
      2
    ],
    "K_CLUSTER": [
      512,
      512,
      512,
      512,
      512,
      512,
      512,
      512,
      512,
      512,
      512,
      512,
      512,
      512
    ],
    "cossim_layer_train": [
      0.9986226558685303,
      0.9863134026527405,
      0.9801360964775085,
      0.7686887979507446
    ],
    "cossim_layer_test": [
      0.9921442270278931,
      0.9834141731262207,
      0.9768424034118652,
      0.7540491223335266
    ],
    "cossim_amm_train": [
      0.9976239800453186,
      0.9988541007041931,
      0.9947909712791443,
      0.974142849445343,
      0.9834362268447876,
      0.9412714838981628,
      0.9575744867324829,
      0.9048743844032288
    ],
    "cossim_amm_test": [
      0.9866983294487,
      0.997650146484375,
      0.9922643303871155,
      0.9684255719184875,
      0.9802904725074768,
      0.9359840750694275,
      0.9537293910980225,
      0.9010684490203857
    ],
    "f1": [
      0.7742415568735693,
      0.5281807953349383,
      0.6279676029782615
    ],
    "lut_num": 8,
    "lut_shapes": [
      [
        32,
        2,
        512
      ],
      [
        192,
        2,
        512
      ],
      [
        512,
        512,
        2
      ],
      [
        512,
        512,
        2
      ],
      [
        32,
        2,
        512
      ],
      [
        32,
        2,
        512
      ],
      [
        32,
        2,
        512
      ],
      [
        256,
        2,
        512
      ]
    ],
    "lut_total_size": 1638400
  }
}