{
  "model": "vit",
  "app": "410.bwaves-s0.txt.xz",
  "validation": [
    {
      "method": "micro precision f1",
      "threshold": 0.47654488682746887,
      "p": 0.9052935784251745,
      "r": 0.9424542386004815,
      "f1": 0.9235002334225532
    },
    {
      "method": "fixed threshold 0.5",
      "threshold": 0.5,
      "p": 0.9089488563110346,
      "r": 0.9382372938771066,
      "f1": 0.9233608806899023
    }
  ]
}