{
  "model": {
    "name": "ViT",
    "layer": 4,
    "dim": 32,
    "f1": [
      0.9308168981496487,
      0.9033296635493666,
      0.9168673136488084
    ],
    "num_param": 19712
  },
  "estimator": {
    "method": "PQ_KMEANS",
    "N_SUBSPACE": [
      2,
      2,
      2,
      2,
      2,
      2,
      2,
      2,
      2,
      2,
      2,
      2,
      2,
      2
    ],
    "K_CLUSTER": [
      32,
      32,
      32,
      32,
      32,
      32,
      32,
      32,
      32,
      32,
      32,
      32,
      32,
      32
    ],
    "cossim_layer_train": [
      0.9903512001037598,
      0.90118408203125,
      0.89253169298172,
      0.36870309710502625
    ],
    "cossim_layer_test": [
      0.9845324158668518,
      0.9005861282348633,
      0.8925556540489197,
      0.3731688857078552
    ],
    "cossim_amm_train": [
      0.9833512306213379,
      0.9856612086296082,
      0.9288136959075928,
      0.8154558539390564,
      0.8815993666648865,
      0.7933216691017151,
      0.8213034868240356,
      0.7792358994483948
    ],
    "cossim_amm_test": [
      0.9738169312477112,
      0.9854512810707092,
      0.9295262694358826,
      0.8121657371520996,
      0.8802803754806519,
      0.794517457485199,
      0.8231233954429626,
      0.7831263542175293
    ],
    "f1": [
      0.8953999329854961,
      0.09052252077863944,
      0.16442238175916954
    ],
    "lut_num": 8,
    "lut_shapes": [
      [
        32,
        2,
        32
      ],
      [
        192,
        2,
        32
      ],
      [
        32,
        32,
        2
      ],
      [
        32,
        32,
        2
      ],
      [
        32,
        2,
        32
      ],
      [
        32,
        2,
        32
      ],
      [
        32,
        2,
        32
      ],
      [
        256,
        2,
        32
      ]
    ],
    "lut_total_size": 40960
  }
}