{
  "model": {
    "name": "ViT",
    "layer": 4,
    "dim": 32,
    "f1": [
      0.905294645388917,
      0.9424474636146969,
      0.9234975359530355
    ],
    "num_param": 19712
  },
  "estimator": {
    "method": "PQ_KMEANS",
    "N_SUBSPACE": [
      8,
      8,
      8,
      8,
      8,
      8,
      8,
      8,
      8,
      8,
      8,
      8,
      8,
      8
    ],
    "K_CLUSTER": [
      128,
      128,
      128,
      128,
      128,
      128,
      128,
      128,
      128,
      128,
      128,
      128,
      128,
      128
    ],
    "cossim_layer_train": [
      0.9999985694885254,
      0.9919880628585815,
      0.9855798482894897,
      0.8064780235290527
    ],
    "cossim_layer_test": [
      0.9999134540557861,
      0.9920644760131836,
      0.9854927062988281,
      0.798367440700531
    ],
    "cossim_amm_train": [
      0.9999973773956299,
      0.9988152980804443,
      0.9960343837738037,
      0.9836552143096924,
      0.9902395009994507,
      0.9564136266708374,
      0.9667686223983765,
      0.9188222289085388
    ],
    "cossim_amm_test": [
      0.9998542070388794,
      0.9986246824264526,
      0.9961941838264465,
      0.9837086796760559,
      0.9902709126472473,
      0.9565887451171875,
      0.9667627811431885,
      0.9189369678497314
    ],
    "f1": [
      0.7613800111711391,
      0.6279879502038545,
      0.6882805503422733
    ],
    "lut_num": 8,
    "lut_shapes": [
      [
        32,
        8,
        128
      ],
      [
        192,
        8,
        128
      ],
      [
        128,
        128,
        8
      ],
      [
        128,
        128,
        8
      ],
      [
        32,
        8,
        128
      ],
      [
        32,
        8,
        128
      ],
      [
        32,
        8,
        128
      ],
      [
        256,
        8,
        128
      ]
    ],
    "lut_total_size": 851968
  }
}