{
  "model": "vit",
  "app": "605.mcf-s0.txt.xz",
  "validation": [
    {
      "method": "micro precision f1",
      "threshold": 0.34774526953697205,
      "p": 0.5136642213404694,
      "r": 0.904855887920729,
      "f1": 0.6553197125082929
    },
    {
      "method": "fixed threshold 0.5",
      "threshold": 0.5,
      "p": 0.545320787965202,
      "r": 0.6007084536948298,
      "f1": 0.5716761761361732
    }
  ]
}