{
  "model": "vit_min",
  "app": "605.mcf-s0.txt.xz",
  "validation": [
    {
      "method": "micro precision f1",
      "threshold": 0.2793731093406677,
      "p": 0.5105614458479086,
      "r": 0.9133200808693797,
      "f1": 0.6549786794209662
    },
    {
      "method": "fixed threshold 0.5",
      "threshold": 0.5,
      "p": 0.496203233844419,
      "r": 0.36955748735992633,
      "f1": 0.4236173248061489
    }
  ]
}