{
  "model": "vitt",
  "app": "605.mcf-s0.txt.xz",
  "validation": [
    {
      "method": "micro precision f1",
      "threshold": 0.03347700834274292,
      "p": 0.5558071568126302,
      "r": 0.7452763545113126,
      "f1": 0.6367461089705253
    },
    {
      "method": "fixed threshold 0.5",
      "threshold": 0.5,
      "p": 0.8301532427840175,
      "r": 0.21045883552157024,
      "f1": 0.3357890772616483
    }
  ]
}