{
  "model": "vit",
  "app": "605.mcf-s0.txt.xz",
  "validation": [
    {
      "method": "micro precision f1",
      "threshold": 0.3426315188407898,
      "p": 0.5136656987117176,
      "r": 0.9047861262280259,
      "f1": 0.6553026187312782
    },
    {
      "method": "fixed threshold 0.5",
      "threshold": 0.5,
      "p": 0.5448297499224163,
      "r": 0.6504255124605898,
      "f1": 0.5929631610080431
    }
  ]
}