{
  "model": "vit_large",
  "app": "605.mcf-s0.txt.xz",
  "validation": [
    {
      "method": "micro precision f1",
      "threshold": 0.32414019107818604,
      "p": 0.5123666811077926,
      "r": 0.9067441947096254,
      "f1": 0.6547557651399497
    },
    {
      "method": "fixed threshold 0.5",
      "threshold": 0.5,
      "p": 0.49407521658015774,
      "r": 0.36232394485439784,
      "f1": 0.4180650556131908
    }
  ]
}