{
  "model": "vit_large",
  "app": "605.mcf-s0.txt.xz",
  "validation": [
    {
      "method": "micro precision f1",
      "threshold": 0.11809636652469635,
      "p": 0.840890529889118,
      "r": 0.8459126759704834,
      "f1": 0.8433941266719969
    },
    {
      "method": "fixed threshold 0.5",
      "threshold": 0.5,
      "p": 0.8935790396026568,
      "r": 0.6665370769850757,
      "f1": 0.7635374761906608
    }
  ]
}