{
  "model": "vit",
  "app": "433.milc-s0.txt.xz",
  "validation": [
    {
      "method": "micro precision f1",
      "threshold": 0.3739103376865387,
      "p": 0.652840813035619,
      "r": 0.7780464179162307,
      "f1": 0.7099657402267721
    },
    {
      "method": "fixed threshold 0.5",
      "threshold": 0.5,
      "p": 0.7691682742028223,
      "r": 0.6074656127707388,
      "f1": 0.678819955594196
    }
  ]
}