{
  "model": "vit",
  "app": "433.milc-s0.txt.xz",
  "validation": [
    {
      "method": "micro precision f1",
      "threshold": 0.33454906940460205,
      "p": 0.7203391771116066,
      "r": 0.828810105002131,
      "f1": 0.7707770915458956
    },
    {
      "method": "fixed threshold 0.5",
      "threshold": 0.5,
      "p": 0.824837214206897,
      "r": 0.6788996086636445,
      "f1": 0.7447867917037536
    }
  ]
}