{
  "model": {
    "name": "ViT",
    "layer": 4,
    "dim": 32,
    "f1": [
      0.6494858848247294,
      0.7771041109690419,
      0.7075868365848615
    ],
    "num_param": 19712
  },
  "estimator": {
    "method": "PQ_KMEANS",
    "N_SUBSPACE": [
      2,
      2,
      2,
      2,
      2,
      2,
      2,
      2,
      2,
      2,
      2,
      2,
      2,
      2
    ],
    "K_CLUSTER": [
      16,
      16,
      16,
      16,
      16,
      16,
      16,
      16,
      16,
      16,
      16,
      16,
      16,
      16
    ],
    "cossim_layer_train": [
      0.9878972768783569,
      0.9797797203063965,
      0.9774407744407654,
      0.6371985673904419
    ],
    "cossim_layer_test": [
      0.9871790409088135,
      0.9796370267868042,
      0.9771984219551086,
      0.6379081606864929
    ],
    "cossim_amm_train": [
      0.9784223437309265,
      0.9939465522766113,
      0.9337385296821594,
      0.9030436277389526,
      0.9539899826049805,
      0.8732619285583496,
      0.9692774415016174,
      0.9013750553131104
    ],
    "cossim_amm_test": [
      0.9774486422538757,
      0.9948012828826904,
      0.9340847730636597,
      0.9049980640411377,
      0.9537076950073242,
      0.8707717657089233,
      0.9700609445571899,
      0.9007870554924011
    ],
    "f1": [
      0.2660928873010718,
      0.26665581773799835,
      0.2663740551085101
    ],
    "lut_num": 8,
    "lut_shapes": [
      [
        32,
        2,
        16
      ],
      [
        192,
        2,
        16
      ],
      [
        16,
        16,
        2
      ],
      [
        16,
        16,
        2
      ],
      [
        32,
        2,
        16
      ],
      [
        32,
        2,
        16
      ],
      [
        32,
        2,
        16
      ],
      [
        256,
        2,
        16
      ]
    ],
    "lut_total_size": 19456
  }
}