{
  "model": {
    "name": "ViT",
    "layer": 4,
    "dim": 32,
    "f1": [
      0.6494858848247294,
      0.7771041109690419,
      0.7075868365848615
    ],
    "num_param": 19712
  },
  "estimator": {
    "method": "PQ_KMEANS",
    "N_SUBSPACE": [
      2,
      2,
      2,
      2,
      2,
      2,
      2,
      2,
      2,
      2,
      2,
      2,
      2,
      2
    ],
    "K_CLUSTER": [
      256,
      256,
      256,
      256,
      256,
      256,
      256,
      256,
      256,
      256,
      256,
      256,
      256,
      256
    ],
    "cossim_layer_train": [
      0.9971052408218384,
      0.9981481432914734,
      0.9973316788673401,
      0.7965149879455566
    ],
    "cossim_layer_test": [
      0.9956114888191223,
      0.9979177713394165,
      0.9971502423286438,
      0.7918367385864258
    ],
    "cossim_amm_train": [
      0.9948557019233704,
      0.9980908632278442,
      0.9962274432182312,
      0.9944407343864441,
      0.9962545037269592,
      0.9758994579315186,
      0.992824137210846,
      0.9227927923202515
    ],
    "cossim_amm_test": [
      0.9922624826431274,
      0.9980869889259338,
      0.996577262878418,
      0.99500972032547,
      0.9963438510894775,
      0.9750922322273254,
      0.9925522208213806,
      0.9201642274856567
    ],
    "f1": [
      0.395028844439099,
      0.590490139098764,
      0.4733762437807082
    ],
    "lut_num": 8,
    "lut_shapes": [
      [
        32,
        2,
        256
      ],
      [
        192,
        2,
        256
      ],
      [
        256,
        256,
        2
      ],
      [
        256,
        256,
        2
      ],
      [
        32,
        2,
        256
      ],
      [
        32,
        2,
        256
      ],
      [
        32,
        2,
        256
      ],
      [
        256,
        2,
        256
      ]
    ],
    "lut_total_size": 557056
  }
}