{
  "model": "vit",
  "app": "433.milc-s0.txt.xz",
  "validation": [
    {
      "method": "micro precision f1",
      "threshold": 0.3499171733856201,
      "p": 0.6944158154176296,
      "r": 0.7883993955596885,
      "f1": 0.7384291786182949
    },
    {
      "method": "fixed threshold 0.5",
      "threshold": 0.5,
      "p": 0.7918142912431126,
      "r": 0.6563741330543609,
      "f1": 0.7177607695723355
    }
  ]
}