{
  "model": {
    "name": "ViT",
    "layer": 4,
    "dim": 32,
    "f1": [
      0.6494858848247294,
      0.7771041109690419,
      0.7075868365848615
    ],
    "num_param": 19712
  },
  "estimator": {
    "method": "PQ_KMEANS",
    "N_SUBSPACE": [
      1,
      1,
      1,
      1,
      1,
      1,
      1,
      1,
      1,
      1,
      1,
      1,
      1,
      1
    ],
    "K_CLUSTER": [
      128,
      128,
      128,
      128,
      128,
      128,
      128,
      128,
      128,
      128,
      128,
      128,
      128,
      128
    ],
    "cossim_layer_train": [
      0.9913756251335144,
      0.9963303804397583,
      0.9954569339752197,
      0.7711430191993713
    ],
    "cossim_layer_test": [
      0.9877694249153137,
      0.995760440826416,
      0.9949716925621033,
      0.7783933877944946
    ],
    "cossim_amm_train": [
      0.9846142530441284,
      0.9970248341560364,
      0.9938597679138184,
      0.9915515184402466,
      0.9938444495201111,
      0.9541508555412292,
      0.9894399642944336,
      0.9213464260101318
    ],
    "cossim_amm_test": [
      0.9783852696418762,
      0.9972457885742188,
      0.99436354637146,
      0.9924200177192688,
      0.9938374757766724,
      0.9532180428504944,
      0.9890625476837158,
      0.9246610403060913
    ],
    "f1": [
      0.40765827409186217,
      0.530937269944593,
      0.4612017870569633
    ],
    "lut_num": 8,
    "lut_shapes": [
      [
        32,
        1,
        128
      ],
      [
        192,
        1,
        128
      ],
      [
        128,
        128,
        1
      ],
      [
        128,
        128,
        1
      ],
      [
        32,
        1,
        128
      ],
      [
        32,
        1,
        128
      ],
      [
        32,
        1,
        128
      ],
      [
        256,
        1,
        128
      ]
    ],
    "lut_total_size": 106496
  }
}