{
  "model": "vit",
  "app": "437.leslie3d-s0.txt.xz",
  "validation": [
    {
      "method": "micro precision f1",
      "threshold": 0.307087242603302,
      "p": 0.4725253128945675,
      "r": 0.661649260300102,
      "f1": 0.5513190493578493
    },
    {
      "method": "fixed threshold 0.5",
      "threshold": 0.5,
      "p": 0.6468426432649315,
      "r": 0.35065488273556084,
      "f1": 0.45477512537171505
    }
  ]
}