{
  "model": "vit",
  "app": "437.leslie3d-s0.txt.xz",
  "validation": [
    {
      "method": "micro precision f1",
      "threshold": 0.29470497369766235,
      "p": 0.4669115142112904,
      "r": 0.6716482613424106,
      "f1": 0.5508719233792644
    },
    {
      "method": "fixed threshold 0.5",
      "threshold": 0.5,
      "p": 0.6331077097542196,
      "r": 0.3703984333327679,
      "f1": 0.4673655571304903
    }
  ]
}