{
  "model": "vit",
  "app": "437.leslie3d-s0.txt.xz",
  "validation": [
    {
      "method": "micro precision f1",
      "threshold": 0.321964293718338,
      "p": 0.4677979828790582,
      "r": 0.6706248009152714,
      "f1": 0.551143096576519
    },
    {
      "method": "fixed threshold 0.5",
      "threshold": 0.5,
      "p": 0.6330295823722506,
      "r": 0.36674941052072085,
      "f1": 0.46442909448499403
    }
  ]
}