{
  "model": "vit",
  "app": "605.mcf-s0.txt.xz",
  "validation": [
    {
      "method": "micro precision f1",
      "threshold": 0.33811265230178833,
      "p": 0.513666205704142,
      "r": 0.904677081252053,
      "f1": 0.6552744289593018
    },
    {
      "method": "fixed threshold 0.5",
      "threshold": 0.5,
      "p": 0.542379347345424,
      "r": 0.683682198238348,
      "f1": 0.6048882387802834
    }
  ]
}