{
  "model": "vit",
  "app": "621.wrf-s2.txt.xz",
  "validation": [
    {
      "method": "micro precision f1",
      "threshold": 0.34184888005256653,
      "p": 0.7479482525520224,
      "r": 0.42160116339771797,
      "f1": 0.5392433173610749
    },
    {
      "method": "fixed threshold 0.5",
      "threshold": 0.5,
      "p": 0.8957451050281827,
      "r": 0.3455468342158252,
      "f1": 0.49870924884168755
    }
  ]
}