{
  "model": "vit",
  "app": "621.wrf-s2.txt.xz",
  "validation": [
    {
      "method": "micro precision f1",
      "threshold": 0.3349533975124359,
      "p": 0.7422222947955406,
      "r": 0.42372893206055634,
      "f1": 0.5394754996283664
    },
    {
      "method": "fixed threshold 0.5",
      "threshold": 0.5,
      "p": 0.8959041381183785,
      "r": 0.34587543813856364,
      "f1": 0.4990760715132419
    }
  ]
}