{
  "model": "vit_large",
  "app": "619.lbm-s0.txt.xz",
  "validation": [
    {
      "method": "micro precision f1",
      "threshold": 0.4533833861351013,
      "p": 0.8949700777977259,
      "r": 0.5707500589166399,
      "f1": 0.6970010329212329
    },
    {
      "method": "fixed threshold 0.5",
      "threshold": 0.5,
      "p": 0.9179860364527339,
      "r": 0.5605114441398695,
      "f1": 0.6960332171633069
    }
  ]
}