{
  "model": "vit_large",
  "app": "619.lbm-s0.txt.xz",
  "validation": [
    {
      "method": "micro precision f1",
      "threshold": 0.4786800742149353,
      "p": 0.9457303242066675,
      "r": 0.590736873038696,
      "f1": 0.7272238228858222
    },
    {
      "method": "fixed threshold 0.5",
      "threshold": 0.5,
      "p": 0.9528054413828215,
      "r": 0.5856771978769019,
      "f1": 0.7254373975899627
    }
  ]
}