{
  "model": "vit",
  "app": "619.lbm-s0.txt.xz",
  "validation": [
    {
      "method": "micro precision f1",
      "threshold": 0.46972203254699707,
      "p": 0.9759683895888478,
      "r": 0.6096674811633722,
      "f1": 0.7505079832653282
    },
    {
      "method": "fixed threshold 0.5",
      "threshold": 0.5,
      "p": 0.978889290187731,
      "r": 0.6077039112061834,
      "f1": 0.7498769687936347
    }
  ]
}