{
  "model": "vit_min",
  "app": "619.lbm-s0.txt.xz",
  "validation": [
    {
      "method": "micro precision f1",
      "threshold": 0.4954535961151123,
      "p": 0.97654650350028,
      "r": 0.6038511923105914,
      "f1": 0.7462536449508366
    },
    {
      "method": "fixed threshold 0.5",
      "threshold": 0.5,
      "p": 0.9768540533196648,
      "r": 0.6036918550011402,
      "f1": 0.7462217103715222
    }
  ]
}