{
  "model": "vitt",
  "app": "619.lbm-s0.txt.xz",
  "validation": [
    {
      "method": "micro precision f1",
      "threshold": 0.5047009587287903,
      "p": 0.967453796878068,
      "r": 0.6017483214720859,
      "f1": 0.74198688819673
    },
    {
      "method": "fixed threshold 0.5",
      "threshold": 0.5,
      "p": 0.9667921162881215,
      "r": 0.60196585983469,
      "f1": 0.7419574675261676
    }
  ]
}