{
  "model": "vitt",
  "app": "602.gcc-s0.txt.xz",
  "validation": [
    {
      "method": "micro precision f1",
      "threshold": 0.6333431601524353,
      "p": 0.9227726884021619,
      "r": 0.9839597755032555,
      "f1": 0.9523844844609162
    },
    {
      "method": "fixed threshold 0.5",
      "threshold": 0.5,
      "p": 0.9149806199091944,
      "r": 0.9902414208674936,
      "f1": 0.9511245300896659
    }
  ]
}