{
  "model": "vit_large",
  "app": "602.gcc-s0.txt.xz",
  "validation": [
    {
      "method": "micro precision f1",
      "threshold": 0.6831419467926025,
      "p": 0.9064313374377607,
      "r": 0.9911340560283327,
      "f1": 0.9468922347333344
    },
    {
      "method": "fixed threshold 0.5",
      "threshold": 0.5,
      "p": 0.8907532935620738,
      "r": 0.9978989624863583,
      "f1": 0.9412868722976876
    }
  ]
}