{
  "model": "vit",
  "app": "602.gcc-s0.txt.xz",
  "validation": [
    {
      "method": "micro precision f1",
      "threshold": 0.6818139553070068,
      "p": 0.9063390904300032,
      "r": 0.9912503781717753,
      "f1": 0.9468949749205638
    },
    {
      "method": "fixed threshold 0.5",
      "threshold": 0.5,
      "p": 0.8896647025314203,
      "r": 0.9979945663081149,
      "f1": 0.9407211922396564
    }
  ]
}