{
  "model": "vit_large",
  "app": "602.gcc-s0.txt.xz",
  "validation": [
    {
      "method": "micro precision f1",
      "threshold": 0.6787735223770142,
      "p": 0.9052331717378026,
      "r": 0.9921569919592942,
      "f1": 0.9467039914902069
    },
    {
      "method": "fixed threshold 0.5",
      "threshold": 0.5,
      "p": 0.888944347336579,
      "r": 0.9980612144031775,
      "f1": 0.9403479171747622
    }
  ]
}