{
  "model": "vit_min",
  "app": "602.gcc-s0.txt.xz",
  "validation": [
    {
      "method": "micro precision f1",
      "threshold": 0.6863194704055786,
      "p": 0.9063038498867976,
      "r": 0.9913340003135206,
      "f1": 0.9469138918292355
    },
    {
      "method": "fixed threshold 0.5",
      "threshold": 0.5,
      "p": 0.8902454720520463,
      "r": 0.9979473884430705,
      "f1": 0.9410247888286681
    }
  ]
}