{
  "model": "vit_min",
  "app": "602.gcc-s0.txt.xz",
  "validation": [
    {
      "method": "micro precision f1",
      "threshold": 0.6244187951087952,
      "p": 0.9051545297265082,
      "r": 0.9917508629305791,
      "f1": 0.946476075630058
    },
    {
      "method": "fixed threshold 0.5",
      "threshold": 0.5,
      "p": 0.8981462111979515,
      "r": 0.9966995463935643,
      "f1": 0.9448599367095047
    }
  ]
}