{
  "model": "vit_large",
  "app": "437.leslie3d-s0.txt.xz",
  "validation": [
    {
      "method": "micro precision f1",
      "threshold": 0.24729731678962708,
      "p": 0.5107300622901019,
      "r": 0.690798091802327,
      "f1": 0.5872710535402829
    },
    {
      "method": "fixed threshold 0.5",
      "threshold": 0.5,
      "p": 0.6828755304188697,
      "r": 0.41919091966306854,
      "f1": 0.5194881335701832
    }
  ]
}