{
  "model": "vit",
  "app": "437.leslie3d-s0.txt.xz",
  "validation": [
    {
      "method": "micro precision f1",
      "threshold": 0.3110196590423584,
      "p": 0.4716634311491245,
      "r": 0.6635548192169303,
      "f1": 0.5513909641365873
    },
    {
      "method": "fixed threshold 0.5",
      "threshold": 0.5,
      "p": 0.642464600959353,
      "r": 0.3569615099716711,
      "f1": 0.45893364512591855
    }
  ]
}