{
  "model": "vit",
  "app": "437.leslie3d-s0.txt.xz",
  "validation": [
    {
      "method": "micro precision f1",
      "threshold": 0.30080220103263855,
      "p": 0.47247455917629305,
      "r": 0.6604392021155285,
      "f1": 0.5508640313918829
    },
    {
      "method": "fixed threshold 0.5",
      "threshold": 0.5,
      "p": 0.6420024095893488,
      "r": 0.35554789059716935,
      "f1": 0.4576463010338691
    }
  ]
}