{
  "model": "vit",
  "app": "437.leslie3d-s0.txt.xz",
  "validation": [
    {
      "method": "micro precision f1",
      "threshold": 0.31432297825813293,
      "p": 0.47233231041961843,
      "r": 0.6628951301754962,
      "f1": 0.5516194855853157
    },
    {
      "method": "fixed threshold 0.5",
      "threshold": 0.5,
      "p": 0.6486681040234284,
      "r": 0.3481819912430992,
      "f1": 0.4531364408494668
    }
  ]
}