{
  "model": "vit",
  "app": "437.leslie3d-s0.txt.xz",
  "validation": [
    {
      "method": "micro precision f1",
      "threshold": 0.3108711838722229,
      "p": 0.4762741001005643,
      "r": 0.6543172878110198,
      "f1": 0.5512767579241568
    },
    {
      "method": "fixed threshold 0.5",
      "threshold": 0.5,
      "p": 0.6388292060877564,
      "r": 0.36258394543052247,
      "f1": 0.4626046974685035
    }
  ]
}