{
  "model": "vitt",
  "app": "437.leslie3d-s0.txt.xz",
  "validation": [
    {
      "method": "micro precision f1",
      "threshold": 0.25787079334259033,
      "p": 0.532033315938528,
      "r": 0.6840994207930217,
      "f1": 0.5985591412567647
    },
    {
      "method": "fixed threshold 0.5",
      "threshold": 0.5,
      "p": 0.676254227933372,
      "r": 0.450330127244592,
      "f1": 0.5406388809062089
    }
  ]
}