{
  "model": "vit_large",
  "app": "437.leslie3d-s0.txt.xz",
  "validation": [
    {
      "method": "micro precision f1",
      "threshold": 0.3318767845630646,
      "p": 0.4834772044338266,
      "r": 0.6480672053498896,
      "f1": 0.553801897687244
    },
    {
      "method": "fixed threshold 0.5",
      "threshold": 0.5,
      "p": 0.6405026424726344,
      "r": 0.36891319057662475,
      "f1": 0.4681715219258065
    }
  ]
}