{
  "model": "vit",
  "app": "437.leslie3d-s0.txt.xz",
  "validation": [
    {
      "method": "micro precision f1",
      "threshold": 0.2847760319709778,
      "p": 0.4748812620347209,
      "r": 0.6465876170712446,
      "f1": 0.5475895931336008
    },
    {
      "method": "fixed threshold 0.5",
      "threshold": 0.5,
      "p": 0.6577001016877236,
      "r": 0.33890299366887,
      "f1": 0.4473125448572591
    }
  ]
}